Code,Name,Latitude,Longitude,Elevation
BRJC,Barrancabermeja,6.9732,-73.74416,108
CBOC,CiudadBolivar,5.864333,-76.012167,1401
CHI,Chingaza,4.6295,-73.7371,3140
DBB,Dabeiba,7.018,-76.21,756
GUY2C,Villamaria,5.224167,-75.364667,3605
JAMC,Jamundi,3.2148,-76.67345,1760
MAL,BahiaMalaga,4.01,-77.3318,112
NOR,Norcasia,5.5635,-74.869167,536
ORTC,Ortega,3.909,-75.246,446
PAL,SanJoseDelPalmar,4.905,-76.283,675
PIZC,Pizarro,4.965333,-77.359667,38
PRA,Prado,3.713833,-74.886167,457
PTB,PuertoBerrio,6.5395,-74.456333,260
PTB1,PuertoBerrio1,6.53321,-74.45888,141
PTGC,PuertoGaitan,4.199,-72.133833,170
QUBC,Quibdo,5.748754,-76.519086,92
RIO2C,Riosucio,5.4211,-75.7104,1958
RUS,LaRusia,5.8925,-73.083167,3697
SPBC,SanPabloDeBorbur,5.652167,-74.072333,783
TAM,Tame,6.435441,-71.791355,462
URE,SanJoseDeUre,7.751667,-75.532667,251
URMC,Uribe,3.24719,-74.37879,725
YOT,Yotoco,3.9835,-76.345,1040
ZAR,Zaragoza,7.492333,-74.858,205
YPLC,Yopal,5.3969,-72.3802,696
