estacion,ventanas,sismos,ruido,sin_etiqueta,deteccion_%,con_S_%,S_sola,snrP_med,snrS_med
ORTC,9031,4721,45,4265,52.3,77.9,347,6.6,6.9
CBOC,13585,5698,419,7468,41.9,51.5,247,6.8,6.5
GUY2C,13067,4120,311,8636,31.5,56.6,444,4.4,4.7
CHI,9767,2982,913,5872,30.5,44.7,199,5.1,5.2
DBB,5785,1665,167,3953,28.8,84.6,14,10.9,6.6
PAL,3800,857,66,2877,22.6,71.1,35,8.4,9.2
JAMC,5886,1263,362,4261,21.5,74.6,50,8.0,9.8
NOR,15007,2601,1085,11321,17.3,80.6,149,8.1,9.1
BRJC,11829,1565,961,9303,13.2,76.0,9,9.4,10.6
MAL,2972,240,932,1800,8.1,50.0,17,4.1,6.4
TOTAL,90729,25712,5261,59756,28.3,64.7,1511,6.7,7.0
